b:tnow in s;m:u in p.u.
0;1
0.02;1.000108
0.04;0.999921
0.06;0.999865
0.08;0.999949
0.1;0.999981
0.12;0.999938
0.14;0.999939
0.16;0.999939
0.18;0.999954
0.2;1.000089
0.22;0.999986
0.24;0.99997
0.26;0.999836
0.28;1.00002
0.3;1.000009
0.32;0.999834
0.34;0.999973
0.36;0.999933
0.38;0.999899
0.4;0.999894
0.42;0.999917
0.44;1.00001
0.46;0.999899
0.48;0.999887
0.5;0.999782
0.52;0.999864
0.54;1.00002
0.56;0.999931
0.58;0.999905
0.6;1.000022
0.62;0.999916
0.64;0.999812
0.66;0.999922
0.68;0.999817
0.7;0.999895
0.72;0.999876
0.74;0.999988
0.76;0.999867
0.78;0.999895
0.8;0.999873
0.82;0.999832
0.84;0.999792
0.86;0.999852
0.88;0.999869
0.9;0.999882
0.92;0.999911
0.94;0.999817
0.96;0.999881
0.98;0.999884
1;0.999883
1.02;0.99994
1.04;0.999893
1.06;0.999868
1.08;0.999935
1.1;0.999972
1.12;1.000027
1.14;0.999778
1.16;0.999988
1.18;0.999895
1.2;0.999984
1.22;0.999853
1.24;0.999743
1.26;0.999856
1.28;0.999953
1.3;0.999861
1.32;0.999798
1.34;0.999862
1.36;0.999911
1.38;0.999813
1.4;0.999771
1.42;0.999727
1.44;0.999909
1.46;0.999782
1.48;0.999844
1.5;0.999805
1.52;0.999944
1.54;0.999827
1.56;0.999947
1.58;0.999857
1.6;0.999747
1.62;0.999758
1.64;0.999825
1.66;0.999844
1.68;0.999746
1.7;0.999911
1.72;0.999759
1.74;0.999752
1.76;0.99985
1.78;0.999645
1.8;0.999786
1.82;0.999838
1.84;0.99982
1.86;0.99972
1.88;0.999943
1.9;0.999656
1.92;0.999652
1.94;0.999831
1.96;0.999705
1.98;0.999635
2;0.999729
2.02;0.999796
2.04;0.999754
2.06;0.999721
2.08;0.999851
2.1;0.999833
2.12;0.999695
2.14;0.999697
2.16;0.999843
2.18;0.999734
2.2;0.999907
2.22;0.999796
2.24;0.999707
2.26;0.999796
2.28;0.999788
2.3;0.999729
2.32;0.999912
2.34;0.999795
2.36;0.999905
2.38;0.99988
2.4;0.999827
2.42;0.999773
2.44;0.999921
2.46;0.999866
2.48;0.999929
2.5;0.999842
2.52;0.999821
2.54;0.999814
2.56;0.999816
2.58;0.999943
2.6;1.000072
2.62;0.999981
2.64;0.999949
2.66;0.999941
2.68;1.000005
2.7;0.9998
2.72;0.999899
2.74;0.999885
2.76;0.999845
2.78;0.999911
2.8;0.999859
2.82;0.999955
2.84;0.999946
2.86;0.999982
2.88;0.999918
2.9;0.99994
2.92;0.999974
2.94;0.99981
2.96;1.000109
2.98;0.999904
3;1.00001
3.02;0.999996
3.04;1.000021
3.06;1.00008
3.08;1.000019
3.1;0.999853
3.12;0.999983
3.14;0.99992
3.16;0.999915
3.18;0.999993
3.2;1.000058
3.22;0.999873
3.24;0.999982
3.26;1.000059
3.28;0.99996
3.3;0.999918
3.32;1.000044
3.34;0.999871
3.36;0.999816
3.38;0.999947
3.4;1.000045
3.42;0.999943
3.44;1.000027
3.46;1.000087
3.48;1.000188
3.5;1.000141
3.52;0.999856
3.54;0.999978
3.56;1.000169
3.58;0.999935
3.6;1.000007
3.62;1.000109
3.64;1.000143
3.66;0.999925
3.68;0.999943
3.7;1.000095
3.72;0.999935
3.74;0.999833
3.76;1.00016
3.78;0.999913
3.8;0.999986
3.82;0.999937
3.84;0.999933
3.86;0.999951
3.88;1.000143
3.9;0.999991
3.92;0.999979
3.94;1.000125
3.96;1.000163
3.98;0.999978
4;1.000074
4.02;1.000178
4.04;1.000057
4.06;1.000032
4.08;1.000109
4.1;0.999999
4.12;1.000017
4.14;0.999964
4.16;0.99996
4.18;1.000088
4.2;1.000269
4.22;1.000135
4.24;1.000012
4.26;1.000051
4.28;1.000162
4.3;1.000062
4.32;1.000029
4.34;1.00013
4.36;1.000039
4.38;1.000004
4.4;1.000161
4.42;1.000082
4.44;1.00004
4.46;1.000143
4.48;1.000083
4.5;1.000181
4.52;1.000174
4.54;1.000085
4.56;1.000147
4.58;1.00019
4.6;1.000111
4.62;1.000019
4.64;1.000092
4.66;1.00019
4.68;1.000146
4.7;1.000142
4.72;1.000253
4.74;1.000061
4.76;1.000103
4.78;1.000236
4.8;1.000172
4.82;0.999954
4.84;0.999991
4.86;1.000249
4.88;1.000084
4.9;0.999954
4.92;1.000143
4.94;1.000116
4.96;1.000057
4.98;1.000117
5;1.000187
5.02;1.00015
5.04;1.000073
5.06;1.000138
5.08;1.000256
5.1;1.000056
5.12;1.000087
5.14;1.000198
5.16;1.000211
5.18;1.000086
5.2;1.000127
5.22;1.00017
5.24;1.000091
5.26;1.0001
5.28;1.000162
5.3;1.000114
5.32;1.000014
5.34;1.00003
5.36;1.000021
5.38;1.000117
5.4;0.999943
5.42;0.999938
5.44;1.000218
5.46;1.000094
5.48;0.99996
5.5;1.000068
5.52;1.000191
5.54;1.000108
5.56;1.000007
5.58;1.000003
5.6;1.000054
5.62;1.000107
5.64;1.000092
5.66;0.999978
5.68;1.000044
5.7;1.000033
5.72;0.999953
5.74;0.999936
5.76;0.999926
5.78;0.999876
5.8;1
5.82;1.000046
5.84;1.000058
5.86;1.000067
5.88;1.000085
5.9;1.000075
5.92;0.999964
5.94;0.999987
5.96;1.000145
5.98;1.000021
6;0.999961
6.02;1.000036
6.04;1.000042
6.06;1.000009
6.08;1.000149
6.1;1.000116
6.12;1.000059
6.14;0.999866
6.16;0.999977
6.18;1.000016
6.2;1.000062
6.22;1.000132
6.24;1.000168
6.26;0.999993
6.28;1.000089
6.3;1.00021
6.32;0.999982
6.34;0.999909
6.36;1.000189
6.38;1.000056
6.4;0.999927
6.42;0.999941
6.44;1.000065
6.46;1.000026
6.48;0.999984
6.5;1.000098
6.52;1.000154
6.54;1.000058
6.56;1.000028
6.58;1.00014
6.6;1.000111
6.62;0.999984
6.64;1.00013
6.66;1.000079
6.68;1.000088
6.7;0.999999
6.72;1.000011
6.74;1.000029
6.76;1.000066
6.78;0.999972
6.8;1.000008
6.82;1.000121
6.84;0.999945
6.86;0.99996
6.88;1.000083
6.9;1.00012
6.92;1.000014
6.94;1.000087
6.96;1.000149
6.98;1.000182
7;1.000146
7.02;1.000164
7.04;1.000069
7.06;1.000123
7.08;1.000107
7.1;1.0001
7.12;0.999976
7.14;1.000024
7.16;1.000079
7.18;1.000047
7.2;1.000025
7.22;1.000028
7.24;1.000019
7.26;0.999982
7.28;1.000119
7.3;0.999946
7.32;0.99994
7.34;1.000009
7.36;1.000078
7.38;1.000049
7.4;0.999912
7.42;1.000135
7.44;1.000196
7.46;1.000128
7.48;1.00013
7.5;1.000086
7.52;1.000047
7.54;1.00004
7.56;1.000253
7.58;0.999975
7.6;1.000076
7.62;1.000052
7.64;1.000242
7.66;1.000089
7.68;1.000021
7.7;1.00025
7.72;1.000167
7.74;1.000039
7.76;1.000042
7.78;1.000126
7.8;0.999971
7.82;0.999863
7.84;0.999812
7.86;1.000065
7.88;0.999984
7.9;0.999755
7.92;1.000042
7.94;1.000077
7.96;0.999752
7.98;1.000044
8;1.000114
8.02;0.999947
8.04;0.999943
8.06;1.000337
8.08;1.000118
8.1;0.999848
8.12;1.000222
8.14;1.000148
8.16;0.999948
8.18;0.999949
8.2;1.000168
8.22;1.000105
8.24;1.000085
8.26;1.000021
8.28;1.000194
8.3;0.99997
8.32;1.000057
8.34;1.000123
8.36;1.00006
8.38;1.00002
8.4;0.999929
8.42;1.000095
8.44;1.000019
8.46;1.000046
8.48;1.000185
8.5;1.000183
8.52;1.000034
8.54;1.0001
8.56;1.000149
8.58;1.00016
8.6;1.000073
8.62;1.000057
8.64;1.000064
8.66;1.000172
8.68;1.000063
8.7;1.000142
8.72;1.000079
8.74;1
8.76;1.000025
8.78;1.000014
8.8;1.000078
8.82;0.999998
8.84;1.000116
8.86;0.999975
8.88;0.999991
8.9;1.000142
8.92;0.99998
8.94;0.999987
8.96;1.000168
8.98;1.00037
9;1.000187
9.02;1.000034
9.04;1.000178
9.06;1.000198
9.08;1.000091
9.1;1.000018
9.12;1.000129
9.14;0.999901
9.16;1.000123
9.18;1.000058
9.2;1.000046
9.22;1.000208
9.24;1.000221
9.26;1.000061
9.28;1.000179
9.3;1.000042
9.32;1.000145
9.34;1.000262
9.36;1.000171
9.38;0.999997
9.4;1.000214
9.42;1.000087
9.44;1.000048
9.46;1.000202
9.48;1.000151
9.5;1.000193
9.52;1.000268
9.54;1.000251
9.56;1.000112
9.58;1.000167
9.6;1.000369
9.62;1.000189
9.64;1.000085
9.66;1.000282
9.68;1.000173
9.7;1.000052
9.72;1.000289
9.74;1.000227
9.76;1.000143
9.78;1.000076
9.8;1.00025
9.82;1.000132
9.84;1.000151
9.86;1.000022
9.88;1.000227
9.9;1.000217
9.92;1.00025
9.94;1.000208
9.96;1.000197
9.98;1.000148
10;1.000295
10.02;1.000205
10.04;1.000228
10.06;1.000193
10.08;1.000317
10.1;1.000234
10.12;1.000149
10.14;1.000194
10.16;1.000232
10.18;1.000171
10.2;1.000295
10.22;1.000217
10.24;1.000161
10.26;1.000273
10.28;1.000272
10.3;1.000094
10.32;1.000305
10.34;1.000166
10.36;1.000077
10.38;1.00016
10.4;1.000357
10.42;1.000163
10.44;1.000111
10.46;1.000354
10.48;1.000264
10.5;1.000163
10.52;1.000223
10.54;1.000262
10.56;1.000227
10.58;1.000219
10.6;1.00033
10.62;1.000238
10.64;1.00013
10.66;1.000157
10.68;1.000229
10.7;1.000365
10.72;1.000318
10.74;1.000305
10.76;1.000226
10.78;1.000237
10.8;1.000137
10.82;1.000118
10.84;1.000249
10.86;1.000204
10.88;1.000168
10.9;1.00016
10.92;1.000354
10.94;1.000129
10.96;1.000224
10.98;1.000301
11;1.000312
11.02;1.000124
11.04;1.00029
11.06;1.000286
11.08;1.000253
11.1;1.000252
11.12;1.000208
11.14;1.00022
11.16;1.000215
11.18;0.999984
11.2;1.000359
11.22;1.000178
11.24;1.00019
11.26;1.000112
11.28;1.000352
11.3;1.000329
11.32;1.000208
11.34;1.00015
11.36;1.000289
11.38;1.000166
11.4;1.000143
11.42;1.000275
11.44;1.000188
11.46;1.000132
11.48;1.000315
11.5;1.000191
11.52;0.999845
11.54;1.000126
11.56;1.000559
11.58;1.000214
11.6;0.999964
11.62;1.00009
11.64;1.000289
11.66;1.000121
11.68;1.000146
11.7;1.000192
11.72;1.000342
11.74;1.000068
11.76;1.000061
11.78;1.000291
11.8;1.000232
11.82;1.000033
11.84;1.000284
11.86;1.000244
11.88;1.000077
11.9;1.000096
11.92;1.000336
11.94;1.00006
11.96;1.000136
11.98;1.000162
12;1.000143
12.02;1.000222
12.04;1.000311
12.06;1.000223
12.08;1.000174
12.1;1.000197
12.12;1.000192
12.14;1.000125
12.16;1.000316
12.18;1.000141
12.2;1.00022
12.22;1.000227
12.24;1.00017
12.26;1.000177
12.28;1.000079
12.3;1.000073
12.32;1.000091
12.34;1.000108
12.36;1.000202
12.38;1.000007
12.4;1.000171
12.42;1.000189
12.44;1.000193
12.46;1.000093
12.48;1.000177
12.5;1.000159
12.52;1.000067
12.54;1.000158
12.56;1.000225
12.58;1.000118
12.6;0.999983
12.62;1.000283
12.64;1.000156
12.66;1.000043
12.68;1.000226
12.7;1.000053
12.72;1.000108
12.74;1.000132
12.76;1.000113
12.78;0.999902
12.8;1.000128
12.82;1.000119
12.84;0.99995
12.86;1.000047
12.88;1.000058
12.9;1.000012
12.92;1.000206
12.94;1.000127
12.96;1.000089
12.98;1.000154
13;1.000186
13.02;1.000029
13.04;1.000018
13.06;1.000033
13.08;0.999937
13.1;0.999957
13.12;1.000156
13.14;1.000157
13.16;0.999922
13.18;0.999889
13.2;1.000102
13.22;1.00015
13.24;0.999932
13.26;0.999952
13.28;1.000028
13.3;1.000051
13.32;0.999917
13.34;1.000063
13.36;0.999818
13.38;0.99986
13.4;0.999997
13.42;0.999775
13.44;0.999894
13.46;1.000045
13.48;1.000039
13.5;0.999858
13.52;0.999849
13.54;0.999898
13.56;1.000041
13.58;1.000117
13.6;0.999867
13.62;0.999962
13.64;0.999864
13.66;1.000049
13.68;0.99993
13.7;0.999897
13.72;1.00014
13.74;0.99997
13.76;0.999883
13.78;0.999882
13.8;0.999787
13.82;0.999766
13.84;0.999731
13.86;0.99997
13.88;0.999859
13.9;0.99987
13.92;0.999925
13.94;0.99984
13.96;0.999989
13.98;0.99979
14;0.999795
14.02;1.000039
14.04;0.99995
14.06;0.999838
14.08;0.999913
14.1;0.999912
14.12;0.9999
14.14;0.999819
14.16;0.999744
14.18;0.999718
14.2;1.000041
14.22;0.999914
14.24;0.999908
14.26;0.999855
14.28;0.999902
14.3;0.999959
14.32;0.999872
14.34;0.999736
14.36;0.999767
14.38;0.999816
14.4;0.999768
14.42;0.999776
14.44;0.999758
14.46;0.999959
14.48;1.000006
14.5;0.999887
14.52;0.999789
14.54;0.999844
14.56;0.999965
14.58;1.000073
14.6;0.999824
14.62;0.999755
14.64;0.999907
14.66;1.000026
14.68;0.999787
14.7;0.999809
14.72;0.999795
14.74;0.999715
14.76;0.999731
14.78;0.999855
14.8;0.99977
14.82;0.999651
14.84;0.999716
14.86;0.999848
14.88;0.999667
14.9;0.999559
14.92;0.999894
14.94;0.99983
14.96;0.999727
14.98;0.9997
15;0.999801
15.02;0.999787
15.04;0.999742
15.06;0.99979
15.08;0.99971
15.1;0.999719
15.12;0.99985
15.14;0.999747
15.16;0.999777
15.18;0.999677
15.2;0.999784
15.22;0.999762
15.24;0.999702
15.26;0.999689
15.28;0.999771
15.3;0.999626
15.32;0.999747
15.34;0.999652
15.36;0.999622
15.38;0.99958
15.4;0.999627
15.42;0.999733
15.44;0.999565
15.46;0.999548
15.48;0.999708
15.5;0.999726
15.52;0.999665
15.54;0.999669
15.56;0.999666
15.58;0.999638
15.6;0.99963
15.62;0.99953
15.64;0.999792
15.66;0.999797
15.68;0.999452
15.7;0.999616
15.72;0.999789
15.74;0.999564
15.76;0.99929
15.78;0.999464
15.8;0.999684
15.82;0.99945
15.84;0.999355
15.86;0.999488
15.88;0.999616
15.9;0.99949
15.92;0.99954
15.94;0.999601
15.96;0.999582
15.98;0.999492
16;0.999579
16.02;0.99964
16.04;0.999496
16.06;0.99964
16.08;0.999623
16.1;0.999405
16.12;0.999476
16.14;0.999606
16.16;0.999473
16.18;0.9994
16.2;0.999649
16.22;0.999555
16.24;0.99964
16.26;0.99939
16.28;0.999477
16.3;0.999512
16.32;0.999493
16.34;0.999349
16.36;0.999295
16.38;0.999272
16.4;0.999499
16.42;0.999297
16.44;0.999434
16.46;0.999533
16.48;0.9997
16.5;0.999453
16.52;0.999432
16.54;0.999642
16.56;0.999614
16.58;0.99929
16.6;0.99935
16.62;0.999655
16.64;0.999395
16.66;0.999344
16.68;0.999485
16.7;0.999461
16.72;0.999412
16.74;0.99945
16.76;0.999583
16.78;0.999365
16.8;0.999386
16.82;0.999686
16.84;0.999487
16.86;0.999309
16.88;0.999459
16.9;0.999476
16.92;0.999363
16.94;0.999487
16.96;0.999536
16.98;0.999301
17;0.999452
17.02;0.999601
17.04;0.999396
17.06;0.999457
17.08;0.999757
17.1;0.999453
17.12;0.999378
17.14;0.999547
17.16;0.999427
17.18;0.999425
17.2;0.999602
17.22;0.999511
17.24;0.999409
17.26;0.999521
17.28;0.999329
17.3;0.999313
17.32;0.9994
17.34;0.999475
17.36;0.999314
17.38;0.999313
17.4;0.999444
17.42;0.999341
17.44;0.999246
17.46;0.999519
17.48;0.999304
17.5;0.999358
17.52;0.999459
17.54;0.999576
17.56;0.999374
17.58;0.999301
17.6;0.999561
17.62;0.999472
17.64;0.999335
17.66;0.999454
17.68;0.999493
17.7;0.999184
17.72;0.999262
17.74;0.999455
17.76;0.999406
17.78;0.99917
17.8;0.999504
17.82;0.999407
17.84;0.999268
17.86;0.999147
17.88;0.999385
17.9;0.999326
17.92;0.999219
17.94;0.999441
17.96;0.999316
17.98;0.999338
18;0.999439
18.02;0.999327
18.04;0.999179
18.06;0.999253
18.08;0.999298
18.1;0.999346
18.12;0.999306
18.14;0.9992
18.16;0.999275
18.18;0.999375
18.2;0.999321
18.22;0.999046
18.24;0.999189
18.26;0.99937
18.28;0.999216
18.3;0.999265
18.32;0.999317
18.34;0.998999
18.36;0.999152
18.38;0.999309
18.4;0.99926
18.42;0.999077
18.44;0.999184
18.46;0.999361
18.48;0.999177
18.5;0.999046
18.52;0.999227
18.54;0.999103
18.56;0.999187
18.58;0.999169
18.6;0.999138
18.62;0.999133
18.64;0.999273
18.66;0.999148
18.68;0.999052
18.7;0.999114
18.72;0.999219
18.74;0.999103
18.76;0.999238
18.78;0.999201
18.8;0.999201
18.82;0.999035
18.84;0.999076
18.86;0.999078
18.88;0.998983
18.9;0.998983
18.92;0.998909
18.94;0.998907
18.96;0.998825
18.98;0.999005
19;0.998969
19.02;0.998855
19.04;0.99891
19.06;0.999138
19.08;0.999028
19.1;0.998809
19.12;0.998857
19.14;0.99912
19.16;0.99899
19.18;0.998861
19.2;0.998915
19.22;0.998829
19.24;0.998871
19.26;0.998848
19.28;0.998986
19.3;0.998919
19.32;0.999033
19.34;0.999006
19.36;0.99885
19.38;0.998827
19.4;0.998937
19.42;0.998937
19.44;0.998799
19.46;0.998961
19.48;0.999019
19.5;0.99901
19.52;0.999048
19.54;0.999055
19.56;0.999028
19.58;0.998886
19.6;0.998882
19.62;0.998736
19.64;0.998838
19.66;0.998894
19.68;0.998954
19.7;0.998973
19.72;0.998841
19.74;0.998933
19.76;0.99878
19.78;0.998721
19.8;0.998719
19.82;0.998869
19.84;0.998897
19.86;0.998799
19.88;0.998822
19.9;0.99879
19.92;0.998877
19.94;0.998732
19.96;0.998677
19.98;0.998803
20;0.998808
20.02;0.998652
20.04;0.998674
20.06;0.998951
20.08;0.998854
20.1;0.998715
20.12;0.998794
20.14;0.998812
20.16;0.998643
20.18;0.998714
20.2;0.998928
20.22;0.99877
20.24;0.998692
20.26;0.998817
20.28;0.998902
20.3;0.998766
20.32;0.998724
20.34;0.998861
20.36;0.998694
20.38;0.998595
20.4;0.99858
20.42;0.998639
20.44;0.998916
20.46;0.998752
20.48;0.998529
20.5;0.998613
20.52;0.998767
20.54;0.998676
20.56;0.998727
20.58;0.998739
20.6;0.998475
20.62;0.998602
20.64;0.998828
20.66;0.998756
20.68;0.99857
20.7;0.998748
20.72;0.998714
20.74;0.998476
20.76;0.998547
20.78;0.998613
20.8;0.998628
20.82;0.998424
20.84;0.998376
20.86;0.998587
20.88;0.998578
20.9;0.998447
20.92;0.998423
20.94;0.9985
20.96;0.99852
20.98;0.998452
21;0.998295
21.02;0.998437
21.04;0.998542
21.06;0.998596
21.08;0.998443
21.1;0.998505
21.12;0.998511
21.14;0.998449
21.16;0.998394
21.18;0.99841
21.2;0.998505
21.22;0.99848
21.24;0.998398
21.26;0.998452
21.28;0.998494
21.3;0.998498
21.32;0.9982
21.34;0.998277
21.36;0.998438
21.38;0.998468
21.4;0.998287
21.42;0.998255
21.44;0.998526
21.46;0.998546
21.48;0.998279
21.5;0.998276
21.52;0.998406
21.54;0.998442
21.56;0.998312
21.58;0.998348
21.6;0.99849
21.62;0.998299
21.64;0.998214
21.66;0.998386
21.68;0.998525
21.7;0.998215
21.72;0.998202
21.74;0.998441
21.76;0.998519
21.78;0.998295
21.8;0.99821
21.82;0.998192
21.84;0.998355
21.86;0.99845
21.88;0.998127
21.9;0.998247
21.92;0.998379
21.94;0.998294
21.96;0.998302
21.98;0.998424
22;0.998286
22.02;0.998142
22.04;0.998336
22.06;0.998591
22.08;0.998275
22.1;0.998122
22.12;0.998485
22.14;0.998417
22.16;0.998207
22.18;0.998269
22.2;0.998398
22.22;0.998167
22.24;0.9982
22.26;0.998224
22.28;0.998245
22.3;0.998219
22.32;0.998391
22.34;0.998235
22.36;0.998097
22.38;0.998247
22.4;0.998434
22.42;0.998051
22.44;0.998114
22.46;0.998315
22.48;0.998393
22.5;0.998173
22.52;0.998153
22.54;0.998359
22.56;0.998136
22.58;0.998339
22.6;0.998407
22.62;0.998194
22.64;0.998085
22.66;0.998292
22.68;0.998207
22.7;0.997994
22.72;0.998237
22.74;0.998267
22.76;0.998059
22.78;0.998117
22.8;0.998289
22.82;0.998106
22.84;0.998075
22.86;0.998187
22.88;0.998085
22.9;0.998202
22.92;0.998205
22.94;0.998148
22.96;0.99811
22.98;0.998113
23;0.998086
23.02;0.998147
23.04;0.998119
23.06;0.998273
23.08;0.998034
23.1;0.998177
23.12;0.998152
23.14;0.998105
23.16;0.998119
23.18;0.99802
23.2;0.998088
23.22;0.998011
23.24;0.99816
23.26;0.997986
23.28;0.998006
23.3;0.998052
23.32;0.998021
23.34;0.998019
23.36;0.997984
23.38;0.998181
23.4;0.99813
23.42;0.997892
23.44;0.997894
23.46;0.998082
23.48;0.998151
23.5;0.997927
23.52;0.998033
23.54;0.99805
23.56;0.998076
23.58;0.997844
23.6;0.997927
23.62;0.997964
23.64;0.997961
23.66;0.9978
23.68;0.99799
23.7;0.997859
23.72;0.997949
23.74;0.997957
23.76;0.998134
23.78;0.997846
23.8;0.997931
23.82;0.997895
23.84;0.998098
23.86;0.997858
23.88;0.998008
23.9;0.997792
23.92;0.998016
23.94;0.997838
23.96;0.998154
23.98;0.997823
24;0.997794
24.02;0.998025
24.04;0.998037
24.06;0.997897
24.08;0.997957
24.1;0.99787
24.12;0.997852
24.14;0.99797
24.16;0.997881
24.18;0.997916
24.2;0.997859
24.22;0.997838
24.24;0.997991
24.26;0.997846
24.28;0.997927
24.3;0.997866
24.32;0.997775
24.34;0.998005
24.36;0.997801
24.38;0.997931
24.4;0.997894
24.42;0.997765
24.44;0.997983
24.46;0.99786
24.48;0.997947
24.5;0.997703
24.52;0.998046
24.54;0.997976
24.56;0.997845
24.58;0.997821
24.6;0.997973
24.62;0.997868
24.64;0.997953
24.66;0.997818
24.68;0.997846
24.7;0.997814
24.72;0.997833
24.74;0.997744
24.76;0.997862
24.78;0.997697
24.8;0.997959
24.82;0.997825
24.84;0.997781
24.86;0.997808
24.88;0.997807
24.9;0.997982
24.92;0.997761
24.94;0.997867
24.96;0.99786
24.98;0.998034
25;0.997796
25.02;0.997961
25.04;0.998011
25.06;0.998021
25.08;0.997771
25.1;0.997857
25.12;0.997857
25.14;0.997873
25.16;0.997916
25.18;0.997666
25.2;0.997866
25.22;0.997893
25.24;0.997809
25.26;0.997496
25.28;0.997915
25.3;0.997766
25.32;0.997736
25.34;0.997702
25.36;0.997988
25.38;0.997781
25.4;0.997772
25.42;0.997734
25.44;0.998003
25.46;0.997737
25.48;0.997805
25.5;0.997694
25.52;0.997891
25.54;0.997766
25.56;0.997963
25.58;0.997899
25.6;0.997641
25.62;0.997906
25.64;0.997918
25.66;0.997901
25.68;0.997697
25.7;0.997912
25.72;0.997899
25.74;0.997827
25.76;0.997637
25.78;0.997845
25.8;0.997873
25.82;0.997801
25.84;0.99764
25.86;0.997685
25.88;0.997832
25.9;0.997703
25.92;0.997875
25.94;0.997741
25.96;0.997949
25.98;0.997664
26;0.997791
26.02;0.997645
26.04;0.997776
26.06;0.997851
26.08;0.997783
26.1;0.997793
26.12;0.997666
26.14;0.997868
26.16;0.997661
26.18;0.997796
26.2;0.997647
26.22;0.997784
26.24;0.997635
26.26;0.997636
26.28;0.997591
26.3;0.997676
26.32;0.997584
26.34;0.997533
26.36;0.997638
26.38;0.997567
26.4;0.99765
26.42;0.997508
26.44;0.997647
26.46;0.997546
26.48;0.99773
26.5;0.997512
26.52;0.997518
26.54;0.99768
26.56;0.99772
26.58;0.99744
26.6;0.997612
26.62;0.997503
26.64;0.997599
26.66;0.997439
26.68;0.99765
26.7;0.997419
26.72;0.997672
26.74;0.997495
26.76;0.997529
26.78;0.997443
26.8;0.997603
26.82;0.997455
26.84;0.997476
26.86;0.997579
26.88;0.997535
26.9;0.997531
26.92;0.997486
26.94;0.997617
26.96;0.997622
26.98;0.997501
27;0.997406
27.02;0.997664
27.04;0.997569
27.06;0.997603
27.08;0.997339
27.1;0.99758
27.12;0.997381
27.14;0.997398
27.16;0.997364
27.18;0.99738
27.2;0.997689
27.22;0.997527
27.24;0.997501
27.26;0.997416
27.28;0.997545
27.3;0.997394
27.32;0.997471
27.34;0.997339
27.36;0.997403
27.38;0.997517
27.4;0.997243
27.42;0.997401
27.44;0.997482
27.46;0.997403
27.48;0.997256
27.5;0.997374
27.52;0.997522
27.54;0.997203
27.56;0.997541
27.58;0.99751
27.6;0.997407
27.62;0.997308
27.64;0.997539
27.66;0.997328
27.68;0.99735
27.7;0.997533
27.72;0.997243
27.74;0.997362
27.76;0.997337
27.78;0.997427
27.8;0.997225
27.82;0.997232
27.84;0.997381
27.86;0.997216
27.88;0.997254
27.9;0.99714
27.92;0.997395
27.94;0.997242
27.96;0.997273
27.98;0.997251
28;0.997125
28.02;0.997369
28.04;0.997294
28.06;0.99719
28.08;0.997265
28.1;0.997342
28.12;0.997141
28.14;0.997171
28.16;0.997162
28.18;0.997204
28.2;0.997277
28.22;0.997262
28.24;0.997271
28.26;0.99706
28.28;0.997369
28.3;0.997463
28.32;0.997084
28.34;0.997039
28.36;0.997069
28.38;0.997372
28.4;0.997154
28.42;0.997207
28.44;0.997109
28.46;0.997229
28.48;0.997025
28.5;0.996315
28.52;0.99658
28.54;0.996785
28.56;0.996921
28.58;0.996919
28.6;0.996812
28.62;0.997013
28.64;0.996895
28.66;0.997048
28.68;0.996872
28.7;0.996894
28.72;0.996992
28.74;0.996689
28.76;0.996949
28.78;0.9971
28.8;0.996819
28.82;0.996774
28.84;0.996736
28.86;0.996959
28.88;0.996708
28.9;0.996461
28.92;0.996891
28.94;0.996813
28.96;0.99675
28.98;0.996831
29;0.996792
29.02;0.996851
29.04;0.996769
29.06;0.996693
29.08;0.997028
29.1;0.996757
29.12;0.996663
29.14;0.996821
29.16;0.996684
29.18;0.996751
29.2;0.996789
29.22;0.996744
29.24;0.996724
29.26;0.996689
29.28;0.996691
29.3;0.99682
29.32;0.996854
29.34;0.996566
29.36;0.996697
29.38;0.996953
29.4;0.996491
29.42;0.996491
29.44;0.996952
29.46;0.99676
29.48;0.996525
29.5;0.996891
29.52;0.996825
29.54;0.996627
29.56;0.996753
29.58;0.996694
29.6;0.99658
29.62;0.996526
29.64;0.99676
29.66;0.996669
29.68;0.996551
29.7;0.996664
29.72;0.996695
29.74;0.996565
29.76;0.996569
29.78;0.996702
29.8;0.996766
29.82;0.996557
29.84;0.996507
29.86;0.996475
29.88;0.996842
29.9;0.996626
29.92;0.99637
29.94;0.996557
29.96;0.996701
29.98;0.996523
30;0.996553
30.02;0.996573
30.04;0.996637
30.06;0.996587
30.08;0.996642
30.1;0.996661
30.12;0.996728
30.14;0.996629
30.16;0.996386
30.18;0.996527
30.2;0.99668
30.22;0.996527
30.24;0.996403
30.26;0.996431
30.28;0.996649
30.3;0.996671
30.32;0.996426
30.34;0.996409
30.36;0.99669
30.38;0.996608
30.4;0.996408
30.42;0.996459
30.44;0.996596
30.46;0.996729
30.48;0.996626
30.5;0.996281
30.52;0.996482
30.54;0.996679
30.56;0.996361
30.58;0.996428
30.6;0.996581
30.62;0.996493
30.64;0.996405
30.66;0.996659
30.68;0.996628
30.7;0.996395
30.72;0.996597
30.74;0.996504
30.76;0.996368
30.78;0.996418
30.8;0.996754
30.82;0.996546
30.84;0.996238
30.86;0.996463
30.88;0.996721
30.9;0.996412
30.92;0.996329
30.94;0.996485
30.96;0.996527
30.98;0.996295
31;0.996419
31.02;0.996641
31.04;0.996751
31.06;0.996285
31.08;0.996313
31.1;0.996595
31.12;0.996655
31.14;0.996461
31.16;0.996407
31.18;0.996587
31.2;0.996568
31.22;0.996521
31.24;0.996354
31.26;0.996322
31.28;0.996777
31.3;0.99649
31.32;0.996319
31.34;0.996453
31.36;0.996632
31.38;0.996347
31.4;0.996488
31.42;0.996635
31.44;0.996365
31.46;0.996362
31.48;0.996542
31.5;0.996448
31.52;0.996306
31.54;0.99628
31.56;0.996382
31.58;0.996601
31.6;0.996541
31.62;0.996297
31.64;0.996375
31.66;0.996528
31.68;0.996341
31.7;0.9962
31.72;0.996357
31.74;0.996595
31.76;0.996337
31.78;0.996222
31.8;0.996514
31.82;0.996372
31.84;0.99633
31.86;0.996425
31.88;0.99644
31.9;0.99636
31.92;0.996314
31.94;0.996377
31.96;0.996431
31.98;0.996515
32;0.996492
32.02;0.996479
32.04;0.996595
32.06;0.996486
32.08;0.996524
32.1;0.996677
32.12;0.996486
32.14;0.996294
32.16;0.996483
32.18;0.996523
32.2;0.996397
32.22;0.996491
32.24;0.996521
32.26;0.99639
32.28;0.996558
32.3;0.996539
32.32;0.996533
32.34;0.996514
32.36;0.99647
32.38;0.996607
32.4;0.996717
32.42;0.99654
32.44;0.99655
32.46;0.996646
32.48;0.996544
32.5;0.996701
32.52;0.996617
32.54;0.996409
32.56;0.996635
32.58;0.996675
32.6;0.996598
32.62;0.99671
32.64;0.996574
32.66;0.996529
32.68;0.996661
32.7;0.996497
32.72;0.996521
32.74;0.996701
32.76;0.996558
32.78;0.996579
32.8;0.996706
32.82;0.996586
32.84;0.996461
32.86;0.996601
32.88;0.996672
32.9;0.996512
32.92;0.996442
32.94;0.996634
32.96;0.996735
32.98;0.996591
33;0.996507
33.02;0.996537
33.04;0.99686
33.06;0.996729
33.08;0.996705
33.1;0.996748
33.12;0.99664
33.14;0.996541
33.16;0.996684
33.18;0.996587
33.2;0.996585
33.22;0.99667
33.24;0.996569
33.26;0.99643
33.28;0.996638
33.3;0.996667
33.32;0.996496
33.34;0.99659
33.36;0.99671
33.38;0.996548
33.4;0.99663
33.42;0.99665
33.44;0.996607
33.46;0.996624
33.48;0.996681
33.5;0.996492
33.52;0.996605
33.54;0.99677
33.56;0.996561
33.58;0.996567
33.6;0.996684
33.62;0.996669
33.64;0.996704
33.66;0.996614
33.68;0.996741
33.7;0.996756
33.72;0.996537
33.74;0.996648
33.76;0.996737
33.78;0.996552
33.8;0.996583
33.82;0.996785
33.84;0.996501
33.86;0.996501
33.88;0.996565
33.9;0.996582
33.92;0.996689
33.94;0.996576
33.96;0.996634
33.98;0.996982
34;0.996672
34.02;0.996459
34.04;0.996853
34.06;0.996765
34.08;0.996691
34.1;0.99676
34.12;0.996827
34.14;0.996821
34.16;0.996867
34.18;0.996636
34.2;0.996843
34.22;0.996698
34.24;0.996788
34.26;0.996848
34.28;0.996565
34.3;0.996867
34.32;0.996757
34.34;0.996598
34.36;0.996672
34.38;0.996612
34.4;0.996764
34.42;0.996608
34.44;0.996617
34.46;0.996676
34.48;0.996737
34.5;0.996849
34.52;0.996613
34.54;0.996855
34.56;0.996849
34.58;0.996886
34.6;0.996823
34.62;0.996943
34.64;0.996847
34.66;0.996804
34.68;0.996749
34.7;0.996748
34.72;0.996702
34.74;0.996824
34.76;0.996761
34.78;0.996776
34.8;0.996845
34.82;0.996915
34.84;0.996781
34.86;0.996813
34.88;0.997003
34.9;0.996874
34.92;0.996768
34.94;0.99669
34.96;0.996902
34.98;0.996691
35;0.996677
35.02;0.996871
35.04;0.996854
35.06;0.996997
35.08;0.996792
35.1;0.996841
35.12;0.996773
35.14;0.996752
35.16;0.996879
35.18;0.99672
35.2;0.996817
35.22;0.996887
35.24;0.996934
35.26;0.996925
35.28;0.996866
35.3;0.996969
35.32;0.996967
35.34;0.996844
35.36;0.996809
35.38;0.996529
35.4;0.996672
35.42;0.996781
35.44;0.996777
35.46;0.996823
35.48;0.996804
35.5;0.996761
35.52;0.996934
35.54;0.996874
35.56;0.996647
35.58;0.996825
35.6;0.996877
35.62;0.99644
35.64;0.99645
35.66;0.997106
35.68;0.996859
35.7;0.996765
35.72;0.996841
35.74;0.996769
35.76;0.996714
35.78;0.996821
35.8;0.996844
35.82;0.996745
35.84;0.996762
35.86;0.996872
35.88;0.996619
35.9;0.996609
35.92;0.996796
35.94;0.996796
35.96;0.996556
35.98;0.996648
36;0.996951
36.02;0.996863
36.04;0.996781
36.06;0.996776
36.08;0.996941
36.1;0.99683
36.12;0.996809
36.14;0.99689
36.16;0.996872
36.18;0.996669
36.2;0.996684
36.22;0.996937
36.24;0.996804
36.26;0.996798
36.28;0.997016
36.3;0.996883
36.32;0.996686
36.34;0.996806
36.36;0.996766
36.38;0.996708
36.4;0.996803
36.42;0.996921
36.44;0.996774
36.46;0.996749
36.48;0.996978
36.5;0.996787
36.52;0.996707
36.54;0.997004
36.56;0.996858
36.58;0.996839
36.6;0.996926
36.62;0.996837
36.64;0.996819
36.66;0.996951
36.68;0.996929
36.7;0.996785
36.72;0.996874
36.74;0.996912
36.76;0.996883
36.78;0.996974
36.8;0.997006
36.82;0.996945
36.84;0.99688
36.86;0.99696
36.88;0.996765
36.9;0.996905
36.92;0.99672
36.94;0.996833
36.96;0.996922
36.98;0.996856
37;0.996852
37.02;0.996918
37.04;0.996991
37.06;0.99685
37.08;0.997017
37.1;0.997085
37.12;0.99686
37.14;0.996869
37.16;0.996973
37.18;0.996902
37.2;0.99685
37.22;0.996955
37.24;0.996924
37.26;0.996869
37.28;0.997007
37.3;0.996877
37.32;0.996845
37.34;0.997
37.36;0.996865
37.38;0.996922
37.4;0.996956
37.42;0.99682
37.44;0.996842
37.46;0.996925
37.48;0.9969
37.5;0.996997
37.52;0.99693
37.54;0.996959
37.56;0.99718
37.58;0.996875
37.6;0.996978
37.62;0.996928
37.64;0.996828
37.66;0.996855
37.68;0.996912
37.7;0.996929
37.72;0.996911
37.74;0.996803
37.76;0.996935
37.78;0.996816
37.8;0.99687
37.82;0.997106
37.84;0.996756
37.86;0.996697
37.88;0.996889
37.9;0.996634
37.92;0.99663
37.94;0.996626
37.96;0.997057
37.98;0.996882
38;0.996748
38.02;0.996854
38.04;0.996758
38.06;0.996838
38.08;0.996827
38.1;0.996876
38.12;0.996872
38.14;0.996828
38.16;0.9969
38.18;0.996651
38.2;0.996832
38.22;0.996872
38.24;0.996845
38.26;0.996756
38.28;0.996853
38.3;0.997008
38.32;0.99673
38.34;0.996669
38.36;0.996915
38.38;0.996805
38.4;0.996796
38.42;0.99667
38.44;0.996722
38.46;0.996988
38.48;0.996911
38.5;0.996942
38.52;0.997023
38.54;0.996846
38.56;0.99698
38.58;0.996965
38.6;0.996826
38.62;0.996972
38.64;0.996911
38.66;0.996859
38.68;0.996905
38.7;0.996938
38.72;0.996919
38.74;0.996981
38.76;0.997081
38.78;0.996941
38.8;0.997056
38.82;0.99699
38.84;0.996936
38.86;0.997006
38.88;0.996827
38.9;0.99692
38.92;0.99697
38.94;0.996928
38.96;0.996828
38.98;0.997122
39;0.996955
39.02;0.996665
39.04;0.997094
39.06;0.997115
39.08;0.996899
39.1;0.996847
39.12;0.997201
39.14;0.996892
39.16;0.996784
39.18;0.996973
39.2;0.997023
39.22;0.996846
39.24;0.996864
39.26;0.997029
39.28;0.996985
39.3;0.997064
39.32;0.99709
39.34;0.99685
39.36;0.997038
39.38;0.996871
39.4;0.996696
39.42;0.996944
39.44;0.997069
39.46;0.996853
39.48;0.996936
39.5;0.997125
39.52;0.996907
39.54;0.996884
39.56;0.997075
39.58;0.997034
39.6;0.996704
39.62;0.99693
39.64;0.997097
39.66;0.996952
39.68;0.996894
39.7;0.996994
39.72;0.996962
39.74;0.996861
39.76;0.996993
39.78;0.99694
39.8;0.996765
39.82;0.996884
39.84;0.997014
39.86;0.996862
39.88;0.996925
39.9;0.997019
39.92;0.996908
39.94;0.996772
39.96;0.996948
39.98;0.997225
40;0.996906
40.02;0.996834
40.04;0.997056
40.06;0.997031
40.08;0.996913
40.1;0.997033
40.12;0.996942
40.14;0.99685
40.16;0.996869
40.18;0.997091
40.2;0.996884
40.22;0.996855
40.24;0.996906
40.26;0.997176
40.28;0.996869
40.3;0.996756
40.32;0.996922
40.34;0.99689
40.36;0.996799
40.38;0.996935
40.4;0.996955
40.42;0.996886
40.44;0.996932
40.46;0.997058
40.48;0.997016
40.5;0.996782
40.52;0.996788
40.54;0.996973
40.56;0.996991
40.58;0.996966
40.6;0.997014
40.62;0.997113
40.64;0.996802
40.66;0.99684
40.68;0.997001
40.7;0.996995
40.72;0.996883
40.74;0.99705
40.76;0.996942
40.78;0.996827
40.8;0.996985
40.82;0.997054
40.84;0.996884
40.86;0.99665
40.88;0.99692
40.9;0.996898
40.92;0.996683
40.94;0.996755
40.96;0.996993
40.98;0.997119
41;0.996761
41.02;0.996804
41.04;0.997092
41.06;0.996929
41.08;0.996693
41.1;0.996907
41.12;0.997059
41.14;0.996814
41.16;0.996717
41.18;0.996963
41.2;0.996985
41.22;0.996914
41.24;0.996818
41.26;0.996957
41.28;0.996896
41.3;0.996983
41.32;0.996926
41.34;0.996787
41.36;0.996792
41.38;0.996921
41.4;0.996899
41.42;0.996906
41.44;0.996977
41.46;0.996974
41.48;0.99707
41.5;0.996976
41.52;0.996694
41.54;0.996903
41.56;0.997022
41.58;0.996942
41.6;0.996809
41.62;0.997059
41.64;0.997028
41.66;0.996908
41.68;0.996914
41.7;0.996977
41.72;0.996991
41.74;0.99696
41.76;0.997083
41.78;0.996916
41.8;0.996807
41.82;0.997203
41.84;0.996993
41.86;0.99686
41.88;0.996713
41.9;0.996989
41.92;0.997061
41.94;0.996985
41.96;0.996848
41.98;0.997025
42;0.996978
42.02;0.996918
42.04;0.996935
42.06;0.997052
42.08;0.996867
42.1;0.996901
42.12;0.997043
42.14;0.996983
42.16;0.996824
42.18;0.996935
42.2;0.996838
42.22;0.996931
42.24;0.996955
42.26;0.996993
42.28;0.996849
42.3;0.996831
42.32;0.996958
42.34;0.996923
42.36;0.996912
42.38;0.996825
42.4;0.996843
42.42;0.996969
42.44;0.996864
42.46;0.996834
42.48;0.996815
42.5;0.996824
42.52;0.996723
42.54;0.996726
42.56;0.996981
42.58;0.996941
42.6;0.996735
42.62;0.996861
42.64;0.996889
42.66;0.996784
42.68;0.996786
42.7;0.996772
42.72;0.996759
42.74;0.997003
42.76;0.996912
42.78;0.996797
42.8;0.996823
42.82;0.996938
42.84;0.996791
42.86;0.996784
42.88;0.99683
42.9;0.996963
42.92;0.996893
42.94;0.996916
42.96;0.99682
42.98;0.99682
43;0.996995
43.02;0.997006
43.04;0.996908
43.06;0.996947
43.08;0.996888
43.1;0.996894
43.12;0.997152
43.14;0.997167
43.16;0.996887
43.18;0.996813
43.2;0.996918
43.22;0.996957
43.24;0.996982
43.26;0.996845
43.28;0.996852
43.3;0.996931
43.32;0.997
43.34;0.996978
43.36;0.99701
43.38;0.996926
43.4;0.997025
43.42;0.996859
43.44;0.997065
43.46;0.997012
43.48;0.996972
43.5;0.996931
43.52;0.996909
43.54;0.997125
43.56;0.997043
43.58;0.996952
43.6;0.996979
43.62;0.996776
43.64;0.996976
43.66;0.997148
43.68;0.997053
43.7;0.996785
43.72;0.996815
43.74;0.997177
43.76;0.997097
43.78;0.996737
43.8;0.996869
43.82;0.996967
43.84;0.997091
43.86;0.997003
43.88;0.996812
43.9;0.997087
43.92;0.997073
43.94;0.997152
43.96;0.997108
43.98;0.996908
44;0.996926
44.02;0.996955
44.04;0.997275
44.06;0.996988
44.08;0.996835
44.1;0.996999
44.12;0.997141
44.14;0.99693
44.16;0.997157
44.18;0.997035
44.2;0.996891
44.22;0.996776
44.24;0.997032
44.26;0.99707
44.28;0.996976
44.3;0.997112
44.32;0.997197
44.34;0.996925
44.36;0.996971
44.38;0.997082
44.4;0.997091
44.42;0.996906
44.44;0.996857
44.46;0.997039
44.48;0.99717
44.5;0.997064
44.52;0.99696
44.54;0.996938
44.56;0.997174
44.58;0.997095
44.6;0.997055
44.62;0.996862
44.64;0.996878
44.66;0.997007
44.68;0.997029
44.7;0.996803
44.72;0.996842
44.74;0.996917
44.76;0.996908
44.78;0.996807
44.8;0.996778
44.82;0.996958
44.84;0.996906
44.86;0.996778
44.88;0.996757
44.9;0.996876
44.92;0.997123
44.94;0.996831
44.96;0.996919
44.98;0.997073
45;0.997032
45.02;0.996721
45.04;0.996961
45.06;0.997113
45.08;0.996967
45.1;0.99685
45.12;0.99708
45.14;0.996975
45.16;0.996891
45.18;0.99681
45.2;0.997094
45.22;0.996898
45.24;0.996884
45.26;0.996916
45.28;0.99695
45.3;0.997079
45.32;0.996886
45.34;0.99684
45.36;0.997017
45.38;0.996994
45.4;0.996801
45.42;0.996742
45.44;0.997128
45.46;0.997006
45.48;0.996855
45.5;0.997029
45.52;0.997035
45.54;0.996887
45.56;0.996858
45.58;0.997123
45.6;0.997172
45.62;0.996931
45.64;0.996815
45.66;0.997063
45.68;0.997121
45.7;0.996854
45.72;0.99687
45.74;0.996978
45.76;0.9971
45.78;0.99706
45.8;0.996894
45.82;0.996926
45.84;0.996983
45.86;0.996979
45.88;0.997017
45.9;0.99702
45.92;0.996919
45.94;0.996967
45.96;0.99718
45.98;0.997094
46;0.997006
46.02;0.997034
46.04;0.996995
46.06;0.996976
46.08;0.997019
46.1;0.996876
46.12;0.997017
46.14;0.997002
46.16;0.997036
46.18;0.997034
46.2;0.997064
46.22;0.99699
46.24;0.997051
46.26;0.997125
46.28;0.996865
46.3;0.996807
46.32;0.996997
46.34;0.99704
46.36;0.99706
46.38;0.996973
46.4;0.996922
46.42;0.997063
46.44;0.99711
46.46;0.997121
46.48;0.996993
46.5;0.997053
46.52;0.997088
46.54;0.997091
46.56;0.997112
46.58;0.99709
46.6;0.996993
46.62;0.996864
46.64;0.997091
46.66;0.997142
46.68;0.997067
46.7;0.997099
46.72;0.997229
46.74;0.997131
46.76;0.997052
46.78;0.997032
46.8;0.997029
46.82;0.997234
46.84;0.996981
46.86;0.99682
46.88;0.997088
46.9;0.996979
46.92;0.996929
46.94;0.997178
46.96;0.997061
46.98;0.997132
47;0.997157
47.02;0.997081
47.04;0.997137
47.06;0.997119
47.08;0.997001
47.1;0.997094
47.12;0.997203
47.14;0.997123
47.16;0.997138
47.18;0.997013
47.2;0.997157
47.22;0.997072
47.24;0.99704
47.26;0.997038
47.28;0.997174
47.3;0.997211
47.32;0.997112
47.34;0.996983
47.36;0.997036
47.38;0.996951
47.4;0.996875
47.42;0.996938
47.44;0.996964
47.46;0.997121
47.48;0.996978
47.5;0.99708
47.52;0.997151
47.54;0.997105
47.56;0.996945
47.58;0.997064
47.6;0.996992
47.62;0.997042
47.64;0.996951
47.66;0.997009
47.68;0.997072
47.7;0.997004
47.72;0.997052
47.74;0.997037
47.76;0.997035
47.78;0.997006
47.8;0.996993
47.82;0.996902
47.84;0.996878
47.86;0.996993
47.88;0.997025
47.9;0.99692
47.92;0.996935
47.94;0.997047
47.96;0.997053
47.98;0.996956
48;0.997072
48.02;0.996927
48.04;0.996783
48.06;0.997057
48.08;0.997174
48.1;0.996995
48.12;0.997011
48.14;0.997084
48.16;0.997035
48.18;0.997063
48.2;0.996899
48.22;0.996921
48.24;0.996999
48.26;0.996987
48.28;0.996855
48.3;0.996889
48.32;0.997086
48.34;0.996898
48.36;0.996808
48.38;0.996981
48.4;0.996954
48.42;0.996842
48.44;0.996965
48.46;0.997085
48.48;0.997125
48.5;0.996822
48.52;0.99695
48.54;0.997044
48.56;0.996904
48.58;0.997033
48.6;0.996908
48.62;0.99692
48.64;0.996848
48.66;0.996958
48.68;0.997107
48.7;0.997074
48.72;0.996941
48.74;0.996888
48.76;0.996998
48.78;0.997024
48.8;0.997044
48.82;0.996868
48.84;0.996891
48.86;0.996907
48.88;0.996874
48.9;0.996901
48.92;0.996817
48.94;0.996839
48.96;0.996885
48.98;0.996995
49;0.996962
49.02;0.996637
49.04;0.996828
49.06;0.99682
49.08;0.997104
49.1;0.996954
49.12;0.996938
49.14;0.996876
49.16;0.997039
49.18;0.996942
49.2;0.996973
49.22;0.996911
49.24;0.996983
49.26;0.996895
49.28;0.996964
49.3;0.997001
49.32;0.997032
49.34;0.996943
49.36;0.996814
49.38;0.996785
49.4;0.99687
49.42;0.99692
49.44;0.997095
49.46;0.996796
49.48;0.996928
49.5;0.997149
49.52;0.997135
49.54;0.996882
49.56;0.997028
49.58;0.997005
49.6;0.996959
49.62;0.996918
49.64;0.997009
49.66;0.997009
49.68;0.997039
49.7;0.996981
49.72;0.997193
49.74;0.996977
49.76;0.997001
49.78;0.996947
49.8;0.997089
49.82;0.997065
49.84;0.99707
49.86;0.996839
49.88;0.99693
49.9;0.997094
49.92;0.997138
49.94;0.996908
49.96;0.996897
49.98;0.997029
50;0.997105
50.02;0.996983
50.04;0.997075
50.06;0.99701
50.08;0.997041
50.1;0.997062
50.12;0.997204
50.14;0.997151
50.16;0.997007
50.18;0.996941
50.2;0.997023
50.22;0.996867
50.24;0.997018
50.26;0.99708
50.28;0.997227
50.3;0.997076
50.32;0.996944
50.34;0.996937
50.36;0.996979
50.38;0.99699
50.4;0.997057
50.42;0.997072
50.44;0.99707
50.46;0.996958
50.48;0.997126
50.5;0.997045
50.52;0.996983
50.54;0.996932
50.56;0.997057
50.58;0.996887
50.6;0.997008
50.62;0.997113
50.64;0.99714
50.66;0.997032
50.68;0.997128
50.7;0.9971
50.72;0.997077
50.74;0.996848
50.76;0.996956
50.78;0.997117
50.8;0.997126
50.82;0.99701
50.84;0.997107
50.86;0.996876
50.88;0.997103
50.9;0.99699
50.92;0.996908
50.94;0.996892
50.96;0.997226
50.98;0.99711
51;0.997001
51.02;0.996865
51.04;0.997134
51.06;0.997058
51.08;0.996986
51.1;0.997125
51.12;0.997158
51.14;0.996859
51.16;0.997037
51.18;0.99705
51.2;0.997044
51.22;0.997125
51.24;0.99717
51.26;0.997189
51.28;0.996957
51.3;0.997009
51.32;0.997193
51.34;0.997051
51.36;0.997011
51.38;0.997104
51.4;0.997192
51.42;0.99705
51.44;0.996996
51.46;0.996953
51.48;0.997136
51.5;0.99713
51.52;0.997151
51.54;0.997037
51.56;0.997122
51.58;0.997106
51.6;0.997059
51.62;0.9971
51.64;0.997117
51.66;0.997073
51.68;0.997327
51.7;0.997055
51.72;0.996975
51.74;0.997032
51.76;0.997066
51.78;0.996949
51.8;0.997083
51.82;0.996989
51.84;0.997036
51.86;0.996887
51.88;0.997021
51.9;0.996944
51.92;0.997014
51.94;0.997105
51.96;0.99703
51.98;0.996936
52;0.997197
52.02;0.997023
52.04;0.996922
52.06;0.997017
52.08;0.997072
52.1;0.996918
52.12;0.997066
52.14;0.997134
52.16;0.997246
52.18;0.997055
52.2;0.997108
52.22;0.996965
52.24;0.996957
52.26;0.996992
52.28;0.997006
52.3;0.997049
52.32;0.997096
52.34;0.997031
52.36;0.996977
52.38;0.99698
52.4;0.996967
52.42;0.996856
52.44;0.997008
52.46;0.997046
52.48;0.997179
52.5;0.997187
52.52;0.996989
52.54;0.996928
52.56;0.997039
52.58;0.997097
52.6;0.99722
52.62;0.99682
52.64;0.996966
52.66;0.997168
52.68;0.996924
52.7;0.996854
52.72;0.996966
52.74;0.997041
52.76;0.99696
52.78;0.99686
52.8;0.997096
52.82;0.99702
52.84;0.997076
52.86;0.996906
52.88;0.996766
52.9;0.996852
52.92;0.997014
52.94;0.99703
52.96;0.996897
52.98;0.997018
53;0.997154
53.02;0.997022
53.04;0.996939
53.06;0.997004
53.08;0.996971
53.1;0.996849
53.12;0.997161
53.14;0.996978
53.16;0.997065
53.18;0.996918
53.2;0.997009
53.22;0.997162
53.24;0.997083
53.26;0.996911
53.28;0.996875
53.3;0.997137
53.32;0.997018
53.34;0.996862
53.36;0.99688
53.38;0.996978
53.4;0.99707
53.42;0.996956
53.44;0.997048
53.46;0.997224
53.48;0.997043
53.5;0.997228
53.52;0.997189
53.54;0.997166
53.56;0.997237
53.58;0.997198
53.6;0.997191
53.62;0.997162
53.64;0.997124
53.66;0.997133
53.68;0.997225
53.7;0.997162
53.72;0.997265
53.74;0.997304
53.76;0.997189
53.78;0.997257
53.8;0.997234
53.82;0.997133
53.84;0.997199
53.86;0.997088
53.88;0.997101
53.9;0.997114
53.92;0.997218
53.94;0.99715
53.96;0.997224
53.98;0.997291
54;0.997234
54.02;0.997193
54.04;0.997229
54.06;0.997308
54.08;0.997126
54.1;0.997289
54.12;0.997458
54.14;0.997324
54.16;0.997213
54.18;0.997238
54.2;0.997321
54.22;0.99727
54.24;0.99718
54.26;0.997271
54.28;0.997208
54.3;0.997403
54.32;0.997276
54.34;0.997188
54.36;0.997185
54.38;0.997231
54.4;0.997151
54.42;0.997152
54.44;0.997284
54.46;0.997273
54.48;0.997397
54.5;0.997337
54.52;0.997154
54.54;0.997311
54.56;0.997456
54.58;0.997394
54.6;0.997248
54.62;0.997314
54.64;0.997256
54.66;0.997174
54.68;0.997246
54.7;0.997275
54.72;0.997188
54.74;0.99731
54.76;0.997318
54.78;0.997296
54.8;0.997426
54.82;0.997354
54.84;0.997291
54.86;0.997206
54.88;0.997354
54.9;0.99709
54.92;0.997257
54.94;0.997443
54.96;0.997289
54.98;0.997311
55;0.997258
55.02;0.997398
55.04;0.997174
55.06;0.997267
55.08;0.99733
55.1;0.997237
55.12;0.99739
55.14;0.99738
55.16;0.99736
55.18;0.997326
55.2;0.997416
55.22;0.997233
55.24;0.99714
55.26;0.997226
55.28;0.997161
55.3;0.997172
55.32;0.99731
55.34;0.997185
55.36;0.997213
55.38;0.997275
55.4;0.997241
55.42;0.997174
55.44;0.99718
55.46;0.997232
55.48;0.997328
55.5;0.99719
55.52;0.997088
55.54;0.997232
55.56;0.997291
55.58;0.997341
55.6;0.997224
55.62;0.99715
55.64;0.997151
55.66;0.99727
55.68;0.99726
55.7;0.997061
55.72;0.997365
55.74;0.997434
55.76;0.997159
55.78;0.997197
55.8;0.997298
55.82;0.997392
55.84;0.99729
55.86;0.997284
55.88;0.997164
55.9;0.997173
55.92;0.997294
55.94;0.99723
55.96;0.997395
55.98;0.997444
56;0.997357
56.02;0.997211
56.04;0.997232
56.06;0.99745
56.08;0.997177
56.1;0.997281
56.12;0.997344
56.14;0.997293
56.16;0.997332
56.18;0.997285
56.2;0.997139
56.22;0.997276
56.24;0.997269
56.26;0.997299
56.28;0.997247
56.3;0.997386
56.32;0.99744
56.34;0.997417
56.36;0.997205
56.38;0.997136
56.4;0.997248
56.42;0.997151
56.44;0.997114
56.46;0.997196
56.48;0.997391
56.5;0.997229
56.52;0.997011
56.54;0.997444
56.56;0.997454
56.58;0.997197
56.6;0.997268
56.62;0.997464
56.64;0.997254
56.66;0.997292
56.68;0.99732
56.7;0.99749
56.72;0.997547
56.74;0.997314
56.76;0.997282
56.78;0.997346
56.8;0.997374
56.82;0.997401
56.84;0.997323
56.86;0.997177
56.88;0.997165
56.9;0.997306
56.92;0.997374
56.94;0.997353
56.96;0.997424
56.98;0.99744
57;0.99737
57.02;0.997348
57.04;0.997435
57.06;0.99746
57.08;0.997263
57.1;0.997342
57.12;0.997455
57.14;0.997195
57.16;0.997315
57.18;0.99731
57.2;0.997235
57.22;0.997267
57.24;0.997292
57.26;0.997376
57.28;0.997269
57.3;0.997179
57.32;0.997317
57.34;0.997507
57.36;0.997247
57.38;0.99719
57.4;0.997296
57.42;0.997097
57.44;0.997272
57.46;0.997276
57.48;0.997309
57.5;0.997336
57.52;0.997326
57.54;0.997354
57.56;0.997363
57.58;0.997288
57.6;0.997365
57.62;0.997399
57.64;0.997293
57.66;0.997192
57.68;0.997346
57.7;0.997475
57.72;0.997654
57.74;0.997337
57.76;0.997184
57.78;0.997326
57.8;0.997388
57.82;0.997344
57.84;0.997215
57.86;0.997181
57.88;0.997213
57.9;0.997174
57.92;0.997248
57.94;0.99702
57.96;0.997102
57.98;0.997292
58;0.99728
58.02;0.997141
58.04;0.997303
58.06;0.997427
58.08;0.997327
58.1;0.997316
58.12;0.997367
58.14;0.997186
58.16;0.997235
58.18;0.997285
58.2;0.997238
58.22;0.997111
58.24;0.997279
58.26;0.99712
58.28;0.997148
58.3;0.99731
58.32;0.997371
58.34;0.997212
58.36;0.997112
58.38;0.997222
58.4;0.997361
58.42;0.997097
58.44;0.997035
58.46;0.997085
58.48;0.997281
58.5;0.997147
58.52;0.997222
58.54;0.997196
58.56;0.997199
58.58;0.997062
58.6;0.997156
58.62;0.997356
58.64;0.997167
58.66;0.997062
58.68;0.997111
58.7;0.997175
58.72;0.99736
58.74;0.997188
58.76;0.997207
58.78;0.997176
58.8;0.997257
58.82;0.997042
58.84;0.997102
58.86;0.997147
58.88;0.997171
58.9;0.997113
58.92;0.997061
58.94;0.997207
58.96;0.997261
58.98;0.99722
59;0.997341
59.02;0.997163
59.04;0.997213
59.06;0.997121
59.08;0.997246
59.1;0.996975
59.12;0.997192
59.14;0.997229
59.16;0.9972
59.18;0.99706
59.2;0.997226
59.22;0.997081
59.24;0.997091
59.26;0.997214
59.28;0.997243
59.3;0.997187
59.32;0.997191
59.34;0.997111
59.36;0.997032
59.38;0.996938
59.4;0.997118
59.42;0.997094
59.44;0.997091
59.46;0.997203
59.48;0.99728
59.5;0.997224
59.52;0.997234
59.54;0.997366
59.56;0.997427
59.58;0.997096
59.6;0.997157
59.62;0.997227
59.64;0.997083
59.66;0.996831
59.68;0.997376
59.7;0.997318
59.72;0.997166
59.74;0.997023
59.76;0.997276
59.78;0.997194
59.8;0.997153
59.82;0.997324
59.84;0.997381
59.86;0.997143
59.88;0.996945
59.9;0.99702
59.92;0.997182
59.94;0.997004
59.96;0.997131
59.98;0.99715
60;0.997208
60.02;0.997286
60.04;0.997222
60.06;0.997127
60.08;0.997197
60.1;0.997075
60.12;0.997134
60.14;0.99723
60.16;0.997168
60.18;0.997226
60.2;0.997235
60.22;0.997135
60.24;0.997197
60.26;0.997223
60.28;0.99712
60.3;0.99713
60.32;0.997263
60.34;0.997187
60.36;0.997006
60.38;0.997202
60.4;0.997143
60.42;0.996986
60.44;0.997132
60.46;0.997091
60.48;0.997012
60.5;0.99697
60.52;0.996962
60.54;0.996973
60.56;0.997217
60.58;0.997249
60.6;0.997092
60.62;0.997031
60.64;0.997045
60.66;0.997054
60.68;0.996993
60.7;0.99714
60.72;0.997075
60.74;0.996935
60.76;0.997015
60.78;0.997033
60.8;0.997082
60.82;0.997006
60.84;0.997035
60.86;0.996959
60.88;0.996983
60.9;0.996978
60.92;0.997077
60.94;0.997232
60.96;0.99707
60.98;0.997017
61;0.997085
61.02;0.997097
61.04;0.99725
61.06;0.996943
61.08;0.997154
61.1;0.997152
61.12;0.996993
61.14;0.997037
61.16;0.997073
61.18;0.997012
61.2;0.997088
61.22;0.997097
61.24;0.996985
61.26;0.997158
61.28;0.99725
61.3;0.997148
61.32;0.997128
61.34;0.997164
61.36;0.997174
61.38;0.996967
61.4;0.997068
61.42;0.997014
61.44;0.997066
61.46;0.997147
61.48;0.997204
61.5;0.997283
61.52;0.997094
61.54;0.997091
61.56;0.997249
61.58;0.997088
61.6;0.997075
61.62;0.997189
61.64;0.997289
61.66;0.997037
61.68;0.997026
61.7;0.997152
61.72;0.997183
61.74;0.997156
61.76;0.997032
61.78;0.997264
61.8;0.997293
61.82;0.997108
61.84;0.997221
61.86;0.997076
61.88;0.997022
61.9;0.996821
61.92;0.997098
61.94;0.997309
61.96;0.996942
61.98;0.996925
62;0.997407
62.02;0.997223
62.04;0.996943
62.06;0.997123
62.08;0.997481
62.1;0.997209
62.12;0.997208
62.14;0.997388
62.16;0.997128
62.18;0.997255
62.2;0.997228
62.22;0.99713
62.24;0.997048
62.26;0.99718
62.28;0.99724
62.3;0.997206
62.32;0.997206
62.34;0.997224
62.36;0.997022
62.38;0.997026
62.4;0.997092
62.42;0.997384
62.44;0.997224
62.46;0.997036
62.48;0.99722
62.5;0.997307
62.52;0.997082
62.54;0.997158
62.56;0.997409
62.58;0.997284
62.6;0.997132
62.62;0.997126
62.64;0.997182
62.66;0.997182
62.68;0.997138
62.7;0.997164
62.72;0.997275
62.74;0.997237
62.76;0.997227
62.78;0.997095
62.8;0.997221
62.82;0.997263
62.84;0.997437
62.86;0.997018
62.88;0.99702
62.9;0.997259
62.92;0.997312
62.94;0.997035
62.96;0.997144
62.98;0.997388
63;0.997195
63.02;0.997157
63.04;0.99736
63.06;0.997343
63.08;0.997126
63.1;0.997248
63.12;0.997353
63.14;0.997107
63.16;0.997094
63.18;0.997297
63.2;0.997126
63.22;0.997243
63.24;0.996991
63.26;0.997128
63.28;0.997013
63.3;0.997214
63.32;0.997119
63.34;0.99714
63.36;0.99716
63.38;0.996955
63.4;0.997101
63.42;0.997136
63.44;0.997165
63.46;0.997113
63.48;0.997072
63.5;0.997155
63.52;0.997073
63.54;0.996898
63.56;0.997151
63.58;0.997285
63.6;0.997038
63.62;0.997034
63.64;0.997128
63.66;0.997085
63.68;0.997094
63.7;0.997178
63.72;0.997293
63.74;0.997089
63.76;0.99722
63.78;0.997205
63.8;0.997004
63.82;0.997091
63.84;0.997177
63.86;0.996994
63.88;0.997086
63.9;0.997203
63.92;0.99707
63.94;0.997125
63.96;0.997142
63.98;0.997053
64;0.997059
64.02;0.996974
64.04;0.997193
64.06;0.996976
64.08;0.996971
64.1;0.997045
64.12;0.997239
64.14;0.997105
64.16;0.996947
64.18;0.997121
64.2;0.997152
64.22;0.997097
64.24;0.997207
64.26;0.997056
64.28;0.99707
64.3;0.9972
64.32;0.997091
64.34;0.99701
64.36;0.996963
64.38;0.997008
64.4;0.997013
64.42;0.997043
64.44;0.996915
64.46;0.997002
64.48;0.997048
64.5;0.996909
64.52;0.996944
64.54;0.99701
64.56;0.997026
64.58;0.996994
64.6;0.997145
64.62;0.996921
64.64;0.997029
64.66;0.997046
64.68;0.997187
64.7;0.996858
64.72;0.997035
64.74;0.997256
64.76;0.996879
64.78;0.99685
64.8;0.997221
64.82;0.996911
64.84;0.996828
64.86;0.997043
64.88;0.997187
64.9;0.996806
64.92;0.996835
64.94;0.997042
64.96;0.997027
64.98;0.996866
65;0.996866
65.02;0.996847
65.04;0.996813
65.06;0.99689
65.08;0.997026
65.1;0.996953
65.12;0.996993
65.14;0.996982
65.16;0.997077
65.18;0.996959
65.2;0.996893
65.22;0.996922
65.24;0.996948
65.26;0.996833
65.28;0.99698
65.3;0.997024
65.32;0.996964
65.34;0.996962
65.36;0.996947
65.38;0.996922
65.4;0.996889
65.42;0.996731
65.44;0.997012
65.46;0.996871
65.48;0.996904
65.5;0.996899
65.52;0.9969
65.54;0.996974
65.56;0.996965
65.58;0.996927
65.6;0.997009
65.62;0.996905
65.64;0.997193
65.66;0.996873
65.68;0.996937
65.7;0.997029
65.72;0.997191
65.74;0.997016
65.76;0.996766
65.78;0.997004
65.8;0.99689
65.82;0.996739
65.84;0.997048
65.86;0.99686
65.88;0.996728
65.9;0.996807
65.92;0.996951
65.94;0.996777
65.96;0.996801
65.98;0.996973
66;0.99698
66.02;0.996803
66.04;0.996955
66.06;0.996922
66.08;0.996852
66.1;0.997054
66.12;0.997117
66.14;0.996888
66.16;0.996916
66.18;0.997047
66.2;0.996993
66.22;0.996707
66.24;0.996895
66.26;0.996994
66.28;0.996961
66.3;0.996954
66.32;0.997011
66.34;0.996901
66.36;0.996923
66.38;0.9968
66.4;0.996895
66.42;0.996828
66.44;0.99707
66.46;0.996764
66.48;0.996836
66.5;0.99692
66.52;0.996875
66.54;0.996904
66.56;0.996917
66.58;0.996992
66.6;0.996965
66.62;0.996813
66.64;0.996949
66.66;0.996768
66.68;0.996847
66.7;0.997001
66.72;0.997038
66.74;0.996825
66.76;0.996823
66.78;0.996807
66.8;0.997092
66.82;0.996742
66.84;0.996736
66.86;0.997005
66.88;0.996938
66.9;0.996842
66.92;0.996972
66.94;0.996817
66.96;0.9969
66.98;0.996881
67;0.996954
67.02;0.996829
67.04;0.996837
67.06;0.996954
67.08;0.997047
67.1;0.996956
67.12;0.996937
67.14;0.996943
67.16;0.996902
67.18;0.996841
67.2;0.997
67.22;0.996923
67.24;0.996939
67.26;0.996751
67.28;0.996817
67.3;0.996982
67.32;0.99691
67.34;0.996812
67.36;0.996906
67.38;0.996898
67.4;0.996966
67.42;0.99688
67.44;0.996867
67.46;0.996835
67.48;0.996978
67.5;0.996951
67.52;0.996787
67.54;0.996785
67.56;0.996908
67.58;0.996842
67.6;0.996902
67.62;0.997039
67.64;0.996817
67.66;0.99697
67.68;0.996866
67.7;0.996826
67.72;0.996852
67.74;0.996867
67.76;0.996946
67.78;0.996807
67.8;0.996777
67.82;0.99697
67.84;0.996747
67.86;0.996827
67.88;0.996886
67.9;0.99671
67.92;0.996577
67.94;0.99697
67.96;0.996889
67.98;0.996742
68;0.996839
68.02;0.996842
68.04;0.996874
68.06;0.996759
68.08;0.996831
68.1;0.99682
68.12;0.996787
68.14;0.996725
68.16;0.997017
68.18;0.996997
68.2;0.996924
68.22;0.996978
68.24;0.996783
68.26;0.996891
68.28;0.996759
68.3;0.996795
68.32;0.996818
68.34;0.996699
68.36;0.996796
68.38;0.996652
68.4;0.996717
68.42;0.996714
68.44;0.996706
68.46;0.996806
68.48;0.996758
68.5;0.996832
68.52;0.996857
68.54;0.996866
68.56;0.996725
68.58;0.996679
68.6;0.9968
68.62;0.99708
68.64;0.996825
68.66;0.996851
68.68;0.996903
68.7;0.996913
68.72;0.996889
68.74;0.996792
68.76;0.996874
68.78;0.996848
68.8;0.99679
68.82;0.996771
68.84;0.996932
68.86;0.996807
68.88;0.99685
68.9;0.996686
68.92;0.99672
68.94;0.996829
68.96;0.99688
68.98;0.996826
69;0.996849
69.02;0.9969
69.04;0.996881
69.06;0.996703
69.08;0.996789
69.1;0.996869
69.12;0.996896
69.14;0.997016
69.16;0.996862
69.18;0.996791
69.2;0.997082
69.22;0.997039
69.24;0.996915
69.26;0.996792
69.28;0.996814
69.3;0.996854
69.32;0.996839
69.34;0.996789
69.36;0.996682
69.38;0.996725
69.4;0.996861
69.42;0.996738
69.44;0.996709
69.46;0.996847
69.48;0.997029
69.5;0.99685
69.52;0.996727
69.54;0.997011
69.56;0.996765
69.58;0.996829
69.6;0.99682
69.62;0.996799
69.64;0.996778
69.66;0.9968
69.68;0.99674
69.7;0.996765
69.72;0.996944
69.74;0.996724
69.76;0.996761
69.78;0.996933
69.8;0.996946
69.82;0.996652
69.84;0.996712
69.86;0.99698
69.88;0.996696
69.9;0.996634
69.92;0.996823
69.94;0.996914
69.96;0.996613
69.98;0.996575
70;0.996858
70.02;0.996832
70.04;0.996744
70.06;0.996838
70.08;0.996941
70.1;0.996855
70.12;0.996744
70.14;0.996795
70.16;0.996653
70.18;0.996711
70.2;0.996831
70.22;0.996752
70.24;0.996725
70.26;0.996887
70.28;0.996742
70.3;0.996579
70.32;0.996835
70.34;0.996988
70.36;0.996781
70.38;0.996823
70.4;0.996767
70.42;0.99663
70.44;0.996686
70.46;0.996804
70.48;0.996734
70.5;0.996727
70.52;0.99689
70.54;0.996863
70.56;0.99685
70.58;0.996806
70.6;0.996889
70.62;0.996822
70.64;0.996594
70.66;0.996877
70.68;0.996835
70.7;0.996749
70.72;0.996858
70.74;0.997005
70.76;0.996896
70.78;0.996831
70.8;0.996912
70.82;0.996821
70.84;0.996662
70.86;0.996644
70.88;0.996773
70.9;0.996625
70.92;0.996655
70.94;0.996666
70.96;0.996707
70.98;0.996623
71;0.996689
71.02;0.996769
71.04;0.996685
71.06;0.996748
71.08;0.996962
71.1;0.996947
71.12;0.996783
71.14;0.9967
71.16;0.996782
71.18;0.996806
71.2;0.996723
71.22;0.99676
71.24;0.996877
71.26;0.996869
71.28;0.996853
71.3;0.996873
71.32;0.996777
71.34;0.996934
71.36;0.996872
71.38;0.996727
71.4;0.996618
71.42;0.996687
71.44;0.99667
71.46;0.996757
71.48;0.996805
71.5;0.996773
71.52;0.99679
71.54;0.99684
71.56;0.996716
71.58;0.996716
71.6;0.996842
71.62;0.99676
71.64;0.996749
71.66;0.996622
71.68;0.996702
71.7;0.996839
71.72;0.996701
71.74;0.996713
71.76;0.99687
71.78;0.996807
71.8;0.996816
71.82;0.996762
71.84;0.996791
71.86;0.996679
71.88;0.996675
71.9;0.996671
71.92;0.996678
71.94;0.996663
71.96;0.996788
71.98;0.99672
72;0.996809
72.02;0.996878
72.04;0.996735
72.06;0.996773
72.08;0.99689
72.1;0.99679
72.12;0.996768
72.14;0.996748
72.16;0.996643
72.18;0.996697
72.2;0.996641
72.22;0.996691
72.24;0.996727
72.26;0.996656
72.28;0.996852
72.3;0.996898
72.32;0.996859
72.34;0.996716
72.36;0.99674
72.38;0.996651
72.4;0.996705
72.42;0.996704
72.44;0.996686
72.46;0.996643
72.48;0.996801
72.5;0.996842
72.52;0.996829
72.54;0.996633
72.56;0.996626
72.58;0.996626
72.6;0.996641
72.62;0.996443
72.64;0.996587
72.66;0.996653
72.68;0.996669
72.7;0.996573
72.72;0.996744
72.74;0.996719
72.76;0.996575
72.78;0.996488
72.8;0.996664
72.82;0.996704
72.84;0.996686
72.86;0.996561
72.88;0.996667
72.9;0.996605
72.92;0.996547
72.94;0.996665
72.96;0.996707
72.98;0.996705
73;0.996698
73.02;0.996619
73.04;0.996783
73.06;0.996764
73.08;0.996804
73.1;0.996779
73.12;0.996693
73.14;0.996697
73.16;0.996728
73.18;0.996806
73.2;0.996786
73.22;0.99655
73.24;0.996831
73.26;0.996717
73.28;0.99677
73.3;0.996695
73.32;0.996786
73.34;0.996715
73.36;0.996757
73.38;0.996558
73.4;0.996635
73.42;0.996792
73.44;0.996721
73.46;0.996659
73.48;0.996659
73.5;0.9968
73.52;0.996682
73.54;0.996479
73.56;0.996745
73.58;0.996757
73.6;0.996808
73.62;0.996717
73.64;0.996712
73.66;0.996699
73.68;0.996805
73.7;0.996808
73.72;0.996754
73.74;0.996535
73.76;0.996754
73.78;0.996778
73.8;0.996863
73.82;0.996713
73.84;0.996707
73.86;0.996816
73.88;0.996737
73.9;0.996723
73.92;0.99666
73.94;0.996568
73.96;0.996819
73.98;0.996813
74;0.996758
74.02;0.996663
74.04;0.996693
74.06;0.996631
74.08;0.996878
74.1;0.99679
74.12;0.996831
74.14;0.996719
74.16;0.996845
74.18;0.996763
74.2;0.996842
74.22;0.9967
74.24;0.996743
74.26;0.996803
74.28;0.996694
74.3;0.996853
74.32;0.996991
74.34;0.9969
74.36;0.996755
74.38;0.996778
74.4;0.996896
74.42;0.996661
74.44;0.996773
74.46;0.996859
74.48;0.996776
74.5;0.99681
74.52;0.996938
74.54;0.997034
74.56;0.996879
74.58;0.99669
74.6;0.996993
74.62;0.996844
74.64;0.996663
74.66;0.996836
74.68;0.996966
74.7;0.99686
74.72;0.996789
74.74;0.996821
74.76;0.996766
74.78;0.996689
74.8;0.996898
74.82;0.996832
74.84;0.996766
74.86;0.996785
74.88;0.996776
74.9;0.996705
74.92;0.996639
74.94;0.996711
74.96;0.996698
74.98;0.996773
75;0.996819
75.02;0.996631
75.04;0.996612
75.06;0.996773
75.08;0.996845
75.1;0.996884
75.12;0.996999
75.14;0.996921
75.16;0.996761
75.18;0.996774
75.2;0.996709
75.22;0.996635
75.24;0.996755
75.26;0.996912
75.28;0.996713
75.3;0.996798
75.32;0.996942
75.34;0.996808
75.36;0.996848
75.38;0.996609
75.4;0.996715
75.42;0.996569
75.44;0.996564
75.46;0.996659
75.48;0.996709
75.5;0.996785
75.52;0.99674
75.54;0.996706
75.56;0.996659
75.58;0.99683
75.6;0.996764
75.62;0.996788
75.64;0.996879
75.66;0.996813
75.68;0.996641
75.7;0.996868
75.72;0.996798
75.74;0.996644
75.76;0.996725
75.78;0.996711
75.8;0.996748
75.82;0.996818
75.84;0.996978
75.86;0.996678
75.88;0.9967
75.9;0.996788
75.92;0.996699
75.94;0.996539
75.96;0.996779
75.98;0.996786
76;0.996785
76.02;0.996674
76.04;0.996671
76.06;0.996726
76.08;0.996806
76.1;0.996872
76.12;0.996899
76.14;0.996689
76.16;0.996678
76.18;0.996851
76.2;0.996779
76.22;0.99677
76.24;0.996657
76.26;0.996796
76.28;0.996756
76.3;0.996899
76.32;0.996706
76.34;0.9967
76.36;0.996853
76.38;0.996698
76.4;0.99661
76.42;0.996674
76.44;0.996822
76.46;0.99668
76.48;0.996713
76.5;0.996846
76.52;0.996736
76.54;0.996754
76.56;0.996759
76.58;0.996813
76.6;0.996709
76.62;0.996692
76.64;0.996907
76.66;0.996771
76.68;0.996688
76.7;0.996887
76.72;0.99688
76.74;0.996711
76.76;0.996772
76.78;0.996687
76.8;0.996764
76.82;0.996874
76.84;0.996761
76.86;0.996653
76.88;0.996671
76.9;0.996905
76.92;0.996764
76.94;0.996614
76.96;0.996713
76.98;0.996826
77;0.996715
77.02;0.996683
77.04;0.996591
77.06;0.996698
77.08;0.996775
77.1;0.996654
77.12;0.99672
77.14;0.996831
77.16;0.99705
77.18;0.996669
77.2;0.996719
77.22;0.996865
77.24;0.996797
77.26;0.996526
77.28;0.996524
77.3;0.996818
77.32;0.996758
77.34;0.996757
77.36;0.996854
77.38;0.996764
77.4;0.99666
77.42;0.996813
77.44;0.996814
77.46;0.996559
77.48;0.996761
77.5;0.996824
77.52;0.996668
77.54;0.996665
77.56;0.996788
77.58;0.996793
77.6;0.996629
77.62;0.996808
77.64;0.996724
77.66;0.996574
77.68;0.996803
77.7;0.996867
77.72;0.996714
77.74;0.996606
77.76;0.996676
77.78;0.99667
77.8;0.996548
77.82;0.996713
77.84;0.996766
77.86;0.996678
77.88;0.996664
77.9;0.996782
77.92;0.996545
77.94;0.996795
77.96;0.996682
77.98;0.996731
78;0.996537
78.02;0.996724
78.04;0.996655
78.06;0.996806
78.08;0.996962
78.1;0.996852
78.12;0.996752
78.14;0.996698
78.16;0.99688
78.18;0.99684
78.2;0.996618
78.22;0.996692
78.24;0.996809
78.26;0.996818
78.28;0.996743
78.3;0.996836
78.32;0.996685
78.34;0.996703
78.36;0.996936
78.38;0.996706
78.4;0.99664
78.42;0.996633
78.44;0.996824
78.46;0.996758
78.48;0.996696
78.5;0.996778
78.52;0.996631
78.54;0.996676
78.56;0.996592
78.58;0.9967
78.6;0.996657
78.62;0.996946
78.64;0.996682
78.66;0.996765
78.68;0.996894
78.7;0.996653
78.72;0.996657
78.74;0.996852
78.76;0.996804
78.78;0.996638
78.8;0.99677
78.82;0.996512
78.84;0.99666
78.86;0.996809
78.88;0.9968
78.9;0.996664
78.92;0.996626
78.94;0.996894
78.96;0.996794
78.98;0.996577
79;0.996769
79.02;0.996847
79.04;0.996839
79.06;0.996643
79.08;0.996726
79.1;0.996775
79.12;0.996672
79.14;0.996702
79.16;0.996739
79.18;0.996712
79.2;0.996729
79.22;0.99669
79.24;0.996616
79.26;0.996515
79.28;0.996761
79.3;0.996821
79.32;0.996666
79.34;0.996588
79.36;0.996797
79.38;0.996701
79.4;0.996613
79.42;0.996656
79.44;0.997171
79.46;0.997222
79.48;0.996857
79.5;0.996611
79.52;0.996743
79.54;0.996767
79.56;0.996785
79.58;0.996715
79.6;0.996813
79.62;0.996781
79.64;0.996725
79.66;0.996778
79.68;0.996906
79.7;0.996865
79.72;0.996839
79.74;0.996849
79.76;0.996742
79.78;0.996838
79.8;0.996936
79.82;0.996848
79.84;0.996833
79.86;0.99684
79.88;0.996841
79.9;0.996727
79.92;0.996789
79.94;0.996922
79.96;0.996835
79.98;0.996787
80;0.996875
80.02;0.996812
80.04;0.99699
80.06;0.996871
80.08;0.996871
80.1;0.996959
80.12;0.99697
80.14;0.996793
80.16;0.996847
80.18;0.996794
80.2;0.996874
80.22;0.996968
80.24;0.996929
80.26;0.996804
80.28;0.996857
80.3;0.996804
80.32;0.99677
80.34;0.99681
80.36;0.996817
80.38;0.996737
80.4;0.996915
80.42;0.996917
80.44;0.99687
80.46;0.996736
80.48;0.996868
80.5;0.996716
80.52;0.996712
80.54;0.99673
80.56;0.996747
80.58;0.996807
80.6;0.996942
80.62;0.996812
80.64;0.996739
80.66;0.996798
80.68;0.996923
80.7;0.996788
80.72;0.996887
80.74;0.996974
80.76;0.996842
80.78;0.996742
80.8;0.996664
80.82;0.996796
80.84;0.996859
80.86;0.996857
80.88;0.99651
80.9;0.996654
80.92;0.996924
80.94;0.997011
80.96;0.996739
80.98;0.996914
81;0.997076
81.02;0.996762
81.04;0.99659
81.06;0.99685
81.08;0.99689
81.1;0.996707
81.12;0.9968
81.14;0.996837
81.16;0.996651
81.18;0.996662
81.2;0.996764
81.22;0.996802
81.24;0.996796
81.26;0.996638
81.28;0.996918
81.3;0.996775
81.32;0.996744
81.34;0.996867
81.36;0.996851
81.38;0.996569
81.4;0.996787
81.42;0.996824
81.44;0.996695
81.46;0.996683
81.48;0.996874
81.5;0.996747
81.52;0.996641
81.54;0.996943
81.56;0.996909
81.58;0.996551
81.6;0.99686
81.62;0.996877
81.64;0.99672
81.66;0.996749
81.68;0.99696
81.7;0.99679
81.72;0.996699
81.74;0.99683
81.76;0.996809
81.78;0.996598
81.8;0.996819
81.82;0.996868
81.84;0.99682
81.86;0.996788
81.88;0.996878
81.9;0.996644
81.92;0.996681
81.94;0.996851
81.96;0.996809
81.98;0.996726
82;0.996872
82.02;0.997037
82.04;0.996892
82.06;0.996773
82.08;0.996811
82.1;0.996793
82.12;0.996738
82.14;0.996734
82.16;0.996913
82.18;0.996849
82.2;0.996887
82.22;0.996862
82.24;0.996685
82.26;0.996727
82.28;0.996779
82.3;0.996808
82.32;0.996919
82.34;0.996762
82.36;0.996798
82.38;0.996708
82.4;0.9967
82.42;0.996694
82.44;0.996912
82.46;0.996902
82.48;0.996869
82.5;0.99683
82.52;0.996966
82.54;0.996934
82.56;0.996885
82.58;0.996859
82.6;0.996905
82.62;0.997072
82.64;0.997015
82.66;0.996837
82.68;0.996928
82.7;0.996955
82.72;0.996832
82.74;0.996752
82.76;0.996866
82.78;0.996913
82.8;0.997089
82.82;0.996819
82.84;0.996747
82.86;0.997072
82.88;0.996968
82.9;0.996657
82.92;0.996688
82.94;0.997117
82.96;0.996946
82.98;0.996854
83;0.996841
83.02;0.996779
83.04;0.996846
83.06;0.996852
83.08;0.996792
83.1;0.996871
83.12;0.996963
83.14;0.996981
83.16;0.996798
83.18;0.996739
83.2;0.996963
83.22;0.997104
83.24;0.996756
83.26;0.996685
83.28;0.996989
83.3;0.99699
83.32;0.996817
83.34;0.996764
83.36;0.996783
83.38;0.996879
83.4;0.996715
83.42;0.996681
83.44;0.996768
83.46;0.996883
83.48;0.996711
83.5;0.996689
83.52;0.99696
83.54;0.996982
83.56;0.996943
83.58;0.996974
83.6;0.996997
83.62;0.996884
83.64;0.996779
83.66;0.99697
83.68;0.996852
83.7;0.996586
83.72;0.996807
83.74;0.996944
83.76;0.99681
83.78;0.996709
83.8;0.997034
83.82;0.996808
83.84;0.996859
83.86;0.996902
83.88;0.996938
83.9;0.997082
83.92;0.997001
83.94;0.99698
83.96;0.996948
83.98;0.996944
84;0.996775
84.02;0.99685
84.04;0.996923
84.06;0.996855
84.08;0.996876
84.1;0.996979
84.12;0.996965
84.14;0.996941
84.16;0.996864
84.18;0.996831
84.2;0.996927
84.22;0.99705
84.24;0.996933
84.26;0.996905
84.28;0.997026
84.3;0.997037
84.32;0.997
84.34;0.996959
84.36;0.996781
84.38;0.996737
84.4;0.996808
84.42;0.996784
84.44;0.996807
84.46;0.9969
84.48;0.996873
84.5;0.996794
84.52;0.997019
84.54;0.997116
84.56;0.996994
84.58;0.99676
84.6;0.996879
84.62;0.996985
84.64;0.996822
84.66;0.996878
84.68;0.99697
84.7;0.99695
84.72;0.99689
84.74;0.996919
84.76;0.996876
84.78;0.996887
84.8;0.996996
84.82;0.996858
84.84;0.996964
84.86;0.996863
84.88;0.99697
84.9;0.996809
84.92;0.996744
84.94;0.996857
84.96;0.99682
84.98;0.996903
85;0.996817
85.02;0.99678
85.04;0.996988
85.06;0.996927
85.08;0.996962
85.1;0.996891
85.12;0.997051
85.14;0.997016
85.16;0.996919
85.18;0.996864
85.2;0.996917
85.22;0.997017
85.24;0.996971
85.26;0.996761
85.28;0.996938
85.3;0.996847
85.32;0.99683
85.34;0.996972
85.36;0.997077
85.38;0.996837
85.4;0.996831
85.42;0.996823
85.44;0.996958
85.46;0.996934
85.48;0.996923
85.5;0.996806
85.52;0.996916
85.54;0.99696
85.56;0.996992
85.58;0.996798
85.6;0.996974
85.62;0.996972
85.64;0.997063
85.66;0.996945
85.68;0.996955
85.7;0.997003
85.72;0.997011
85.74;0.996789
85.76;0.996893
85.78;0.996854
85.8;0.99694
85.82;0.996996
85.84;0.997131
85.86;0.996916
85.88;0.996972
85.9;0.996933
85.92;0.997012
85.94;0.996863
85.96;0.997021
85.98;0.996934
86;0.996846
86.02;0.996883
86.04;0.996894
86.06;0.996882
86.08;0.997029
86.1;0.996908
86.12;0.996969
86.14;0.997031
86.16;0.997
86.18;0.996967
86.2;0.996882
86.22;0.996974
86.24;0.996823
86.26;0.996993
86.28;0.996971
86.3;0.996968
86.32;0.996916
86.34;0.997071
86.36;0.996958
86.38;0.996839
86.4;0.996827
86.42;0.996911
86.44;0.996905
86.46;0.996909
86.48;0.996927
86.5;0.99698
86.52;0.996842
86.54;0.996943
86.56;0.996898
86.58;0.996911
86.6;0.997076
86.62;0.996981
86.64;0.996962
86.66;0.996781
86.68;0.996996
86.7;0.996765
86.72;0.99684
86.74;0.99698
86.76;0.996974
86.78;0.996857
86.8;0.996944
86.82;0.996914
86.84;0.996779
86.86;0.996878
86.88;0.996983
86.9;0.996987
86.92;0.996842
86.94;0.996903
86.96;0.996843
86.98;0.996745
87;0.996898
87.02;0.996821
87.04;0.996917
87.06;0.99687
87.08;0.996904
87.1;0.99691
87.12;0.99693
87.14;0.996966
87.16;0.996738
87.18;0.996732
87.2;0.996925
87.22;0.996916
87.24;0.99692
87.26;0.996804
87.28;0.996839
87.3;0.99693
87.32;0.996881
87.34;0.996859
87.36;0.996955
87.38;0.996857
87.4;0.996852
87.42;0.996628
87.44;0.996853
87.46;0.996949
87.48;0.996867
87.5;0.996881
87.52;0.996947
87.54;0.996747
87.56;0.996867
87.58;0.996897
87.6;0.996827
87.62;0.996876
87.64;0.996918
87.66;0.996826
87.68;0.996786
87.7;0.996844
87.72;0.996942
87.74;0.996863
87.76;0.996811
87.78;0.996799
87.8;0.996895
87.82;0.996829
87.84;0.99694
87.86;0.996975
87.88;0.996816
87.9;0.99677
87.92;0.996905
87.94;0.996822
87.96;0.996806
87.98;0.996864
88;0.996703
88.02;0.996672
88.04;0.996827
88.06;0.996824
88.08;0.99679
88.1;0.996992
88.12;0.997012
88.14;0.996971
88.16;0.997007
88.18;0.996867
88.2;0.996953
88.22;0.996941
88.24;0.99692
88.26;0.996829
88.28;0.997016
88.3;0.996953
88.32;0.996666
88.34;0.996874
88.36;0.997058
88.38;0.996866
88.4;0.9968
88.42;0.996766
88.44;0.996806
88.46;0.996718
88.48;0.997038
88.5;0.996963
88.52;0.996858
88.54;0.99691
88.56;0.997083
88.58;0.99683
88.6;0.996913
88.62;0.996977
88.64;0.996963
88.66;0.996986
88.68;0.997002
88.7;0.996937
88.72;0.99689
88.74;0.996914
88.76;0.997067
88.78;0.996972
88.8;0.996934
88.82;0.996879
88.84;0.996918
88.86;0.996893
88.88;0.996975
88.9;0.996788
88.92;0.996884
88.94;0.996885
88.96;0.996864
88.98;0.996762
89;0.996855
89.02;0.996929
89.04;0.997071
89.06;0.99685
89.08;0.996845
89.1;0.996861
89.12;0.996954
89.14;0.996939
89.16;0.996906
89.18;0.996885
89.2;0.996958
89.22;0.996918
89.24;0.996929
89.26;0.996764
89.28;0.996903
89.3;0.996879
89.32;0.996829
89.34;0.996773
89.36;0.996901
89.38;0.996765
89.4;0.996707
89.42;0.996683
89.44;0.996832
89.46;0.996678
89.48;0.996718
89.5;0.996765
89.52;0.996711
89.54;0.996806
89.56;0.996854
89.58;0.996767
89.6;0.996993
89.62;0.996928
89.64;0.996934
89.66;0.996798
89.68;0.996939
89.7;0.996849
89.72;0.996766
89.74;0.996815
89.76;0.996832
89.78;0.996601
89.8;0.996868
89.82;0.996971
89.84;0.996739
89.86;0.99677
89.88;0.996748
89.9;0.996774
89.92;0.996763
89.94;0.996753
89.96;0.996758
89.98;0.996563
90;0.996759
